Accuracy,Precision,Recall,Specificity,F1-Score,AUC-ROC,Balanced Accuracy,MCC,Log Loss,Brier Score,FPR,FNR,NPV
0.9083333333333333,0.8771929824561403,0.9259259259259259,0.8939393939393939,0.9009009009009009,0.9511784511784511,0.9099326599326599,0.8167773039214469,0.6548699715259133,0.23834729123050796,0.10606060606060606,0.07407407407407407,0.9365079365079365
